pocket_number,druggability_score,volume,center_x,center_y,center_z,distance_to_site,overlaps_with_site
5,0.98,4.429,-38.178,-15.132,25.643,2.01,True
33,0.011,4.818,-33.583,0.303,38.972,22.29,False
28,0.011,4.217,-46.614,-26.275,16.828,15.49,False
10,0.01,3.556,-47.439,-22.422,22.588,11.41,True
21,0.008,3.333,-65.257,-14.167,37.615,30.04,False
1,0.003,3.562,-32.611,-14.55,10.737,16.07,False
2,0.002,4.5,-43.6,-5.076,15.586,16.75,False
20,0.002,4.0,-42.421,-17.464,23.799,4.98,True
17,0.002,5.0,-14.037,-29.046,38.167,29.39,False
26,0.002,3.833,-45.778,-30.597,28.988,15.99,False
30,0.002,4.0,-53.814,-34.326,33.339,24.69,False
25,0.001,4.889,-44.326,3.634,9.328,27.22,False
23,0.001,4.667,-50.51,1.473,15.036,24.9,False
3,0.001,4.0,-50.4,-14.759,17.785,15.04,False
12,0.001,4.875,-70.979,-28.135,20.533,35.31,False
34,0.001,5.077,-55.515,-7.728,29.979,20.46,False
31,0.001,4.357,-27.08,-22.124,43.272,21.19,False
7,0.0,4.444,-60.581,-27.698,13.015,28.12,False
18,0.0,4.417,-49.464,-0.256,26.468,20.49,False
16,0.0,3.429,-31.987,-1.137,23.183,17.2,False
15,0.0,5.143,-17.352,-18.53,45.621,28.6,False
14,0.0,4.6,-45.767,-19.415,36.901,13.9,True
11,0.0,3.2,-49.929,-34.96,28.033,21.69,False
13,0.0,5.167,-59.566,-20.12,6.095,29.43,False
8,0.0,4.857,-48.878,-18.884,-0.022,28.06,False
9,0.0,4.727,-56.061,-13.438,0.989,30.94,False
4,0.0,4.625,-20.457,-13.068,45.512,26.65,False
6,0.0,4.667,-80.15,-11.9,29.634,42.81,False
19,0.0,4.167,-35.005,4.729,10.334,26.86,False
22,0.0,3.286,-38.11,-28.15,34.395,14.05,True
24,0.0,4.1,-34.558,-2.483,9.241,22.27,False
27,0.0,3.833,-22.114,-4.913,27.201,19.95,False
29,0.0,4.143,-30.645,-5.711,16.138,16.53,False
32,0.0,4.6,-23.089,-2.454,47.983,30.46,False
